X,Y,Name,
-95.3360052534483,38.9516275,A. Independence to Topeka
-102.109735499627,41.2641414994236,C. Grand Island to Gering
-104.983647000022,42.3923245053013,D. Gering to Casper
-106.636251328272,42.6166365010657,E. Casper to Lander
-108.992268915092,42.3174209414433,F. Lander to Montpelier
-111.48707,42.593257,G. Montpelier to Pocatello
-112.962778001132,42.6928634991722,H. Pocatello to Twin Falls
-96.862333,39.9631124987429,B. Topeka to Grand Island
